{
  "rouge": {
    "rouge1": 0.19590705050607415,
    "rouge2": 0.04868311621045505,
    "rougeL": 0.16433121975992532,
    "rougeLsum": 0.16472739308747192
  },
  "bertscore": {
    "precision": 0.6654820442199707,
    "recall": 0.7549185752868652,
    "f1": 0.7053452134132385
  }
}