model,rouge1,rouge2,rougeL,bertscore_precision,bertscore_recall,bertscore_f1
gemma-3-4b,0.0,0.0,0.0,0.6239266693592072,0.6977939797299249,0.6585578215973718
qwen3-8b,0.0,0.0,0.0,0.6297038384158202,0.6816349715897532,0.6535321100793704
mistral-7b,0.0,0.0,0.0,0.6461858129501343,0.7075730496644974,0.6740239262580872
llama-3.1-8b,0.0,0.0,0.0,0.6404696464538574,0.6997847121953964,0.6679599648714065
